,TYPE_VEHICULE,PLACA,DATE_TIME,SPEED,MONTH,DAY
0,CAR,AKI357,2022-02-28 23:46:13,77,2,28
1,CAR,ASE580,2021-12-31 22:09:06,20,12,31
2,CAR,AUQ197,2022-03-31 22:30:52,99,3,31
3,CAR,BBD264,2022-04-30 23:58:52,91,4,30
4,CAR,BGP295,2021-12-31 12:20:55,62,12,31
5,CAR,BLW644,2021-09-30 22:20:40,57,9,30
6,CAR,BMK179,2022-03-31 20:50:35,96,3,31
7,CAR,BOP256,2022-02-28 22:12:08,68,2,28
8,CAR,BSJ654,2022-04-30 22:27:43,84,4,30
9,CAR,BWN843,2021-12-31 22:07:11,99,12,31
10,CAR,BZN346,2021-11-30 22:05:51,99,11,30
11,CAR,CAT042,2022-02-27 18:00:00,11,2,27
12,CAR,CAT320,2022-04-30 22:49:26,4,4,30
13,CAR,CBD063,2021-12-31 19:55:39,70,12,31
14,CAR,CGP865,2021-10-31 23:45:23,99,10,31
15,CAR,CIS450,2022-04-30 18:36:35,99,4,30
16,CAR,CJJ699,2022-01-27 08:56:32,99,1,27
17,CAR,CKU589,2022-02-24 11:09:37,10,2,24
18,CAR,CKZ908,2022-03-31 23:58:38,99,3,31
19,CAR,CLG862,2021-09-30 23:51:51,23,9,30
20,CAR,CLG922,2021-06-29 20:34:30,0,6,29
21,CAR,COD261,2021-11-30 22:31:01,70,11,30
22,CAR,CXB319,2021-08-31 22:21:29,99,8,31
23,CAR,CXM269,2021-12-31 22:41:48,63,12,31
24,CAR,CZU601,2022-04-26 21:33:48,75,4,26
25,CAR,DBH461,2022-03-31 18:57:11,155,3,31
26,CAR,DBO297,2022-02-28 22:24:47,116,2,28
27,CAR,DHR550,2021-10-21 16:45:55,99,10,21
28,CAR,DJQ240,2021-11-30 22:46:47,99,11,30
29,CAR,DJV360,2021-07-31 18:22:59,98,7,31
30,CAR,DOL723,2021-12-31 22:04:40,99,12,31
31,CAR,DOR938,2021-09-02 15:48:15,53,9,2
32,CAR,DQS465,2022-04-30 22:55:32,99,4,30
33,CAR,DSQ104,2022-03-01 15:35:49,,3,1
34,CAR,DVK063,2022-01-31 23:51:07,94,1,31
35,CAR,DVK086,2022-02-22 02:01:11,74,2,22
36,CAR,EBQ275,2021-06-30 22:15:59,99,6,30
37,CAR,EIR779,2021-08-31 21:34:45,99,8,31
38,CAR,EIV643,2021-11-30 13:37:37,67,11,30
39,CAR,EIV661,2021-04-13 09:45:47,8,4,13
40,CAR,ELP882,2021-12-20 14:58:57,99,12,20
41,CAR,EML554,2021-12-31 23:56:13,81,12,31
42,CAR,EOP265,2021-09-28 10:38:29,0,9,28
43,CAR,EOP304,2022-03-31 22:55:51,99,3,31
44,CAR,EPB379,2022-02-28 22:38:54,108,2,28
45,CAR,EPB383,2022-01-24 20:58:08,97,1,24
46,CAR,EQP016,2021-11-30 22:00:33,99,11,30
47,CAR,EQP017,2021-12-31 22:51:29,90,12,31
48,CAR,EQP473,2021-11-30 22:54:43,105,11,30
49,CAR,EQP558,2021-06-30 22:22:40,88,6,30
50,CAR,EQP982,2021-12-31 22:44:49,111,12,31
51,CAR,EQQ533,2021-08-31 23:59:18,160,8,31
52,CAR,EQQ745,2022-04-30 22:27:03,119,4,30
53,CAR,EQQ981,2021-11-30 22:22:35,214,11,30
54,CAR,EQQ983,2021-10-31 22:51:56,73,10,31
55,CAR,EQR066,2021-04-30 22:44:47,75,4,30
56,CAR,EQR115,2022-02-28 22:55:38,92,2,28
57,CAR,EQT378,2021-05-31 22:00:17,90,5,31
58,CAR,EQW684,2022-03-31 23:58:54,99,3,31
59,CAR,EQW858,2022-02-28 22:03:13,103,2,28
60,CAR,EQW939,2022-01-31 13:33:49,109,1,31
61,CAR,EQY626,2021-12-31 22:51:04,141,12,31
62,CAR,EQZ484,2022-04-30 22:09:17,79,4,30
63,CAR,EQZ991,2021-10-31 22:10:08,238,10,31
64,CAR,EQZ993,2022-03-31 22:49:57,92,3,31
65,CAR,ERK146,2021-11-30 23:28:49,58,11,30
66,CAR,ERK215,2021-06-30 22:44:58,76,6,30
67,CAR,ERK369,2021-12-31 21:05:29,83,12,31
68,CAR,ERL123,2021-08-31 23:00:38,66,8,31
69,CAR,ESK868,2021-09-30 22:31:48,93,9,30
70,CAR,ESL503,2021-05-31 20:23:19,0,5,31
71,CAR,ESL689,2022-02-28 21:28:36,64,2,28
72,CAR,ESL694,2022-03-31 22:22:24,78,3,31
73,CAR,ESL695,2022-01-31 22:48:56,63,1,31
74,CAR,ESL698,2022-04-30 22:16:27,91,4,30
75,CAR,ESM218,2021-11-30 22:19:12,84,11,30
76,CAR,ESM220,2021-12-31 22:50:48,94,12,31
77,CAR,ESM361,2021-10-31 22:15:35,92,10,31
78,CAR,ESM364,2022-04-29 16:20:03,89,4,29
79,CAR,ESM372,2021-08-31 22:03:30,84,8,31
80,CAR,ESM373,2021-04-30 22:29:50,99,4,30
81,CAR,ESM430,2021-05-31 22:35:42,93,5,31
82,CAR,ESM603,2022-04-27 17:39:28,76,4,27
83,CAR,ESM610,2022-02-28 22:04:36,87,2,28
84,CAR,ESM611,2022-03-30 17:21:42,97,3,30
85,CAR,ESM858,2022-04-30 21:51:33,99,4,30
86,CAR,ESM985,2021-07-30 14:02:06,89,7,30
87,CAR,ESM986,2021-11-30 22:53:10,70,11,30
88,CAR,ESM988,2021-12-30 13:40:47,62,12,30
89,CAR,ESM991,2021-06-27 07:42:58,98,6,27
90,CAR,ESN343,2022-04-30 22:31:18,119,4,30
91,CAR,ESO335,2021-10-31 23:01:56,72,10,31
92,CAR,ESP002,2021-09-30 23:51:58,327,9,30
93,CAR,ESQ004,2021-05-31 22:33:23,69,5,31
94,CAR,ESQ056,2022-04-30 23:28:24,88,4,30
95,CAR,ESX958,2021-12-31 23:57:36,93,12,31
96,CAR,ESY029,2022-03-31 23:51:49,103,3,31
97,CAR,ESY079,2022-04-30 23:51:22,83,4,30
98,CAR,ESY218,2021-08-31 22:52:54,90,8,31
99,CAR,ESZ338,2021-09-30 23:50:37,97,9,30
100,CAR,ETM404,2021-05-06 08:24:23,0,5,6
101,CAR,ETM406,2022-01-31 22:34:52,107,1,31
102,CAR,ETM407,2022-04-30 23:44:04,97,4,30
103,CAR,ETM644,2022-03-31 22:01:18,97,3,31
104,CAR,ETM957,2021-05-13 00:33:26,0,5,13
105,CAR,ETM958,2021-12-31 23:04:27,74,12,31
106,CAR,ETT120,2022-04-30 22:54:42,99,4,30
107,CAR,ETT158,2021-10-31 22:55:53,87,10,31
108,CAR,ETT196,2021-11-30 22:05:11,84,11,30
109,CAR,EXU681,2022-03-31 22:43:24,86,3,31
110,CAR,EXU685,2021-12-31 22:22:16,84,12,31
111,CAR,EXU748,2021-05-31 22:49:14,82,5,31
112,CAR,EXX224,2022-03-31 22:21:19,83,3,31
113,CAR,EXX243,2021-04-30 22:55:02,100,4,30
114,CAR,EXX244,2021-09-30 22:29:36,78,9,30
115,CAR,EXX246,2021-06-30 22:55:38,96,6,30
116,CAR,EXX247,2021-07-31 22:54:35,101,7,31
117,CAR,EXX619,2022-04-30 22:55:54,106,4,30
118,CAR,EXX767,2021-05-31 23:09:57,111,5,31
119,CAR,EXX770,2022-04-30 22:59:08,97,4,30
120,CAR,EXX786,2021-08-31 21:42:11,103,8,31
121,CAR,EXX788,2021-09-30 22:50:02,94,9,30
122,CAR,EXX790,2021-11-30 22:18:53,105,11,30
123,CAR,EXX851,2021-06-30 22:53:16,91,6,30
124,CAR,EXX852,2021-12-31 22:54:25,78,12,31
125,CAR,EXX856,2022-03-31 23:33:01,80,3,31
126,CAR,EXX863,2021-10-31 22:23:12,78,10,31
127,CAR,EXX875,2021-06-30 22:33:26,113,6,30
128,CAR,EXZ121,2022-02-28 23:39:20,79,2,28
129,CAR,EXZ167,2022-01-31 22:02:49,79,1,31
130,CAR,EXZ188,2021-06-30 22:03:39,78,6,30
131,CAR,EXZ209,2021-10-31 23:52:48,99,10,31
132,CAR,EXZ566,2022-03-31 22:49:07,61,3,31
133,CAR,EXZ567,2022-02-28 22:08:59,99,2,28
134,CAR,EXZ568,2022-02-28 21:25:32,90,2,28
135,CAR,EYX324,2022-03-31 23:31:19,115,3,31
136,CAR,EYX347,2021-04-30 23:31:21,120,4,30
137,CAR,EYX360,2021-07-31 23:48:58,74,7,31
138,CAR,EYY000,2021-05-31 19:25:35,99,5,31
139,CAR,FLN862,2021-12-31 22:19:25,115,12,31
140,CAR,FNL706,2022-03-31 23:53:12,93,3,31
141,CAR,FRR491,2021-09-30 22:59:24,68,9,30
142,CAR,FSO001,2021-11-30 23:54:15,99,11,30
143,CAR,FSO003,2022-03-31 23:53:41,99,3,31
144,CAR,FSO006,2021-07-31 23:52:44,92,7,31
145,CAR,FSO027,2022-02-28 23:57:30,99,2,28
146,CAR,FSQ694,2021-12-31 23:45:06,98,12,31
147,CAR,FSQ695,2022-04-30 11:59:54,99,4,30
148,CAR,FSQ752,2021-06-30 22:42:05,98,6,30
149,CAR,FSQ814,2022-03-31 23:00:48,93,3,31
150,CAR,FST212,2021-04-30 22:39:31,83,4,30
151,CAR,FST267,2022-04-30 23:16:01,81,4,30
152,CAR,FST661,2022-01-31 22:13:11,77,1,31
153,CAR,FSU886,2021-05-31 23:37:43,93,5,31
154,CAR,FSU894,2021-09-30 22:36:51,83,9,30
155,CAR,FSV073,2022-03-31 22:41:30,99,3,31
156,CAR,FSV078,2022-03-31 22:19:29,83,3,31
157,CAR,FSV095,2021-12-31 22:18:33,96,12,31
158,CAR,FSV465,2022-04-30 22:08:14,97,4,30
159,CAR,FSV703,2021-09-30 20:12:30,85,9,30
160,CAR,FSW138,2021-08-31 22:53:35,142,8,31
161,CAR,FSW146,2021-11-30 22:24:34,95,11,30
162,CAR,FUY609,2021-04-30 22:51:36,91,4,30
163,CAR,FVK070,2022-01-31 22:00:35,119,1,31
164,CAR,FVL076,2021-06-30 23:58:01,99,6,30
165,CAR,FVM177,2022-03-31 23:20:50,99,3,31
166,CAR,FWL310,2021-12-31 22:33:53,78,12,31
167,CAR,FWL314,2021-11-30 23:39:19,75,11,30
168,CAR,FWL315,2021-05-31 22:32:21,98,5,31
169,CAR,FXO382,2022-03-31 07:45:59,0,3,31
170,CAR,FYQ547,2022-04-30 20:42:08,46,4,30
171,CAR,FZY704,2022-01-31 22:51:55,99,1,31
172,CAR,GBW019,2022-03-31 22:47:11,65,3,31
173,CAR,GDX618,2021-05-31 22:46:44,87,5,31
174,CAR,GDX978,2021-07-31 23:58:22,97,7,31
175,CAR,GDY388,2022-01-31 22:13:55,104,1,31
176,CAR,GES317,2021-07-31 22:21:49,88,7,31
177,CAR,GES545,2021-09-30 22:59:01,99,9,30
178,CAR,GES557,2021-12-31 22:58:59,81,12,31
179,CAR,GES640,2022-03-31 23:43:33,96,3,31
180,CAR,GES683,2021-08-31 22:44:40,61,8,31
181,CAR,GES798,2021-07-31 22:58:40,75,7,31
182,CAR,GET084,2021-04-30 22:55:12,90,4,30
183,CAR,GET340,2021-06-30 23:41:46,87,6,30
184,CAR,GET396,2022-02-28 22:39:20,96,2,28
185,CAR,GET398,2022-04-30 22:30:17,76,4,30
186,CAR,GET399,2021-11-30 23:52:49,99,11,30
187,CAR,GET923,2022-02-28 22:21:18,99,2,28
188,CAR,GET925,2022-04-30 22:43:16,99,4,30
189,CAR,GEU346,2021-05-31 22:16:42,98,5,31
190,CAR,GEU491,2022-01-31 18:40:50,112,1,31
191,CAR,GEU657,2022-03-31 23:34:48,43,3,31
192,CAR,GEU704,2021-12-31 22:27:19,99,12,31
193,CAR,GEU811,2021-07-31 22:51:34,99,7,31
194,CAR,GEU978,2021-09-30 22:10:08,99,9,30
195,CAR,GFP943,2021-08-31 21:44:16,94,8,31
196,CAR,GHP722,2021-04-30 23:54:18,99,4,30
197,CAR,GJM535,2021-06-30 21:01:35,90,6,30
198,CAR,GKO830,2021-07-31 23:58:31,69,7,31
199,CAR,GKP020,2022-03-31 22:55:05,83,3,31
200,CAR,GKP047,2021-12-31 23:58:20,97,12,31
201,CAR,GKX187,2022-02-28 22:58:55,99,2,28
202,CAR,GKY417,2021-07-31 21:38:39,101,7,31
203,CAR,GLO380,2022-03-31 22:14:22,89,3,31
204,CAR,GLO382,2022-04-30 22:20:41,79,4,30
205,CAR,GPE879,2021-10-31 22:19:50,64,10,31
206,CAR,GQU003,2021-05-31 23:54:58,100,5,31
207,CAR,GQU643,2021-07-31 22:36:13,87,7,31
208,CAR,GQU668,2021-09-30 22:16:00,99,9,30
209,CAR,GQU670,2022-01-31 22:13:28,59,1,31
210,CAR,GQU909,2021-08-31 22:59:54,89,8,31
211,CAR,GSM133,2022-01-31 21:51:09,83,1,31
212,CAR,GUQ315,2022-04-30 23:15:27,74,4,30
213,CAR,GUQ340,2022-03-31 03:08:11,108,3,31
214,CAR,GUQ468,2021-12-31 22:54:48,81,12,31
215,CAR,GUQ696,2021-06-30 22:48:23,94,6,30
216,CAR,GUR075,2021-11-30 22:22:36,99,11,30
217,CAR,GUR474,2022-03-31 19:03:52,133,3,31
218,CAR,GUU168,2021-12-31 22:55:39,88,12,31
219,CAR,GUU499,2021-10-31 22:58:45,67,10,31
220,CAR,GUU512,2021-05-31 22:21:07,89,5,31
221,CAR,GUU847,2021-07-31 22:05:28,90,7,31
222,CAR,GUV126,2021-09-30 22:39:00,82,9,30
223,CAR,GUV512,2021-05-31 21:14:53,90,5,31
224,CAR,GUW197,2021-12-31 22:01:51,72,12,31
225,CAR,GUW200,2021-10-31 22:02:06,87,10,31
226,CAR,GUW518,2021-08-31 21:19:19,143,8,31
227,CAR,GUX130,2021-05-31 22:41:04,75,5,31
228,CAR,GVK192,2022-02-28 22:18:09,84,2,28
229,CAR,GVK240,2022-04-30 23:59:14,99,4,30
230,CAR,GWO466,2022-04-30 22:25:37,152,4,30
231,CAR,GWU402,2022-03-31 23:18:00,87,3,31
232,CAR,GZZ205,2021-04-30 22:06:31,79,4,30
233,CAR,GZZ281,2021-12-23 22:02:40,96,12,23
234,CAR,GZZ499,2021-06-30 22:42:14,101,6,30
235,CAR,GZZ701,2021-11-27 15:50:19,92,11,27
236,CAR,HDV856,2022-04-30 22:01:18,60,4,30
237,CAR,HFU263,2021-05-31 22:59:29,99,5,31
238,CAR,HFX397,2021-10-31 22:01:16,99,10,31
239,CAR,HJU295,2022-03-31 22:39:35,97,3,31
240,CAR,HJW246,2021-09-30 22:15:49,99,9,30
241,CAR,HJY156,2021-07-31 19:24:32,94,7,31
242,CAR,HQM509,2022-02-01 10:12:59,0,2,1
243,CAR,HYZ881,2021-12-29 18:18:57,99,12,29
244,CAR,ICI533,2022-01-27 19:51:51,8,1,27
245,CAR,ICS650,2021-09-30 22:46:00,10,9,30
246,CAR,IMR067,2021-06-30 22:46:35,99,6,30
247,CAR,IMW389,2022-03-31 22:56:02,75,3,31
248,CAR,INI005,2021-04-30 22:37:18,91,4,30
249,CAR,INI763,2022-04-30 23:35:35,70,4,30
250,CAR,INT504,2022-04-30 23:05:07,98,4,30
251,CAR,ITA038,2021-08-31 17:45:59,9,8,31
252,CAR,IXW494,2021-10-31 22:58:08,99,10,31
253,CAR,IXX274,2022-02-25 15:41:06,99,2,25
254,CAR,IYM198,2022-03-31 22:35:46,99,3,31
255,CAR,JKU900,2022-04-30 22:58:46,81,4,30
256,CAR,JKU977,2022-01-31 22:21:31,99,1,31
257,CAR,JKU978,2022-04-30 17:18:27,90,4,30
258,CAR,JKV244,2022-04-30 10:27:11,99,4,30
259,CAR,JKW064,2022-03-31 22:44:23,87,3,31
260,CAR,JLX631,2021-10-31 22:53:55,92,10,31
261,CAR,JLX641,2021-11-30 22:26:05,77,11,30
262,CAR,JLX643,2022-02-28 22:00:14,76,2,28
263,CAR,JMW969,2021-09-30 22:53:00,70,9,30
264,CAR,JOU761,2021-12-31 22:22:13,94,12,31
265,CAR,JOV579,2021-05-31 22:56:54,85,5,31
266,CAR,JOV601,2022-03-31 22:47:31,84,3,31
267,CAR,JOW047,2022-01-31 22:07:13,99,1,31
268,CAR,JOW696,2022-04-30 22:20:14,76,4,30
269,CAR,JOW811,2021-08-31 23:01:26,74,8,31
270,CAR,JPP313,2021-07-31 22:14:06,99,7,31
271,CAR,JRY953,2021-10-31 22:26:31,96,10,31
272,CAR,JRZ156,2022-02-28 22:01:02,97,2,28
273,CAR,JTP081,2022-03-31 22:56:22,64,3,31
274,CAR,JTP910,2021-06-30 22:21:26,99,6,30
275,CAR,JTP912,2021-04-30 23:58:16,95,4,30
276,CAR,JTQ614,2021-11-30 22:37:16,99,11,30
277,CAR,JTQ618,2021-12-31 22:47:32,99,12,31
278,CAR,JTX705,2021-09-30 22:16:22,78,9,30
279,CAR,JTZ286,2021-05-31 22:29:19,71,5,31
280,CAR,JTZ293,2022-03-31 23:58:49,99,3,31
281,CAR,JTZ415,2022-04-30 23:55:41,102,4,30
282,CAR,JTZ852,2021-08-31 23:58:22,91,8,31
283,CAR,JUK158,2022-02-28 23:44:46,87,2,28
284,CAR,JUO045,2021-10-31 22:48:01,98,10,31
285,CAR,JUY925,2022-01-31 19:07:24,84,1,31
286,CAR,JUY926,2022-03-31 22:03:51,74,3,31
287,CAR,JUY927,2021-12-31 22:59:32,94,12,31
288,CAR,JYM646,2021-09-30 22:54:31,87,9,30
289,CAR,JYM858,2021-11-30 20:45:40,97,11,30
290,CAR,JYW941,2022-04-30 22:02:48,97,4,30
291,CAR,JZX904,2021-06-30 22:39:02,99,6,30
292,CAR,KAA102,2022-03-31 23:24:12,104,3,31
293,CAR,KAA108,2021-04-30 23:42:53,86,4,30
294,CAR,KAA113,2021-04-30 09:54:33,91,4,30
295,CAR,KAA162,2022-01-31 17:52:41,66,1,31
296,CAR,KAA166,2021-05-31 23:57:37,42,5,31
297,CAR,KAA169,2022-02-27 07:43:48,93,2,27
298,CAR,KAA171,2021-12-31 23:11:12,88,12,31
299,CAR,KAA174,2022-03-31 23:34:43,97,3,31
300,CAR,KAA184,2021-10-31 23:57:51,86,10,31
301,CAR,KAA189,2022-04-30 23:44:07,95,4,30
302,CAR,KAA190,2022-02-28 23:40:13,89,2,28
303,CAR,KAA193,2021-06-30 23:44:27,61,6,30
304,CAR,KAA212,2021-11-30 23:05:44,82,11,30
305,CAR,KAB086,2022-03-31 23:30:03,82,3,31
306,CAR,KAB088,2022-02-28 17:39:32,84,2,28
307,CAR,KEP488,2022-01-31 22:23:56,78,1,31
308,CAR,KEY055,2022-02-28 22:58:50,99,2,28
309,CAR,KIS469,2021-07-31 22:41:03,99,7,31
310,CAR,KJR158,2021-08-31 22:42:44,99,8,31
311,CAR,KKV337,2022-03-31 22:26:41,95,3,31
312,CAR,KKX665,2022-04-25 16:34:14,8,4,25
313,CAR,KNK887,2022-02-28 22:07:55,76,2,28
314,CAR,KNZ473,2021-09-30 16:51:49,98,9,30
315,CAR,KOK077,2021-11-30 23:43:14,98,11,30
316,CAR,KOK087,2022-03-31 15:13:04,94,3,31
317,CAR,KOK730,2021-12-30 18:50:11,83,12,30
318,CAR,KOK804,2022-04-30 22:46:31,99,4,30
319,CAR,KOK806,2022-02-28 22:02:50,92,2,28
320,CAR,KOK915,2021-10-31 23:58:02,92,10,31
321,CAR,KOK920,2022-03-31 22:59:18,102,3,31
322,CAR,KOL717,2021-09-30 22:53:18,0,9,30
323,CAR,KPO661,2022-02-28 22:52:54,94,2,28
324,CAR,KSK824,2022-03-31 22:00:36,64,3,31
325,CAR,KSO827,2021-11-30 22:13:54,74,11,30
326,CAR,KSO915,2021-10-31 22:42:54,67,10,31
327,CAR,KSP924,2022-04-30 12:49:57,98,4,30
328,CAR,KSQ172,2022-04-30 22:53:32,94,4,30
329,CAR,KUK291,2021-12-31 22:29:37,93,12,31
330,CAR,KUK812,2021-06-30 22:36:16,70,6,30
331,CAR,KUN030,2021-08-18 04:46:48,59,8,18
332,CAR,LAA116,2022-04-30 23:20:37,103,4,30
333,CAR,LAP244,2022-02-28 18:24:24,96,2,28
334,CAR,LAT985,2021-10-31 22:02:38,72,10,31
335,CAR,MAU663,2022-03-30 18:46:40,67,3,30
336,CAR,MBZ774,2022-04-30 22:44:16,106,4,30
337,CAR,MCN724,2022-02-28 23:16:12,117,2,28
338,CAR,MCZ634,2021-10-31 20:43:56,103,10,31
339,CAR,MKX116,2021-04-30 22:33:19,67,4,30
340,CAR,MMD004,2021-07-31 23:54:22,50,7,31
341,CAR,MMD005,2022-01-31 23:55:01,83,1,31
342,CAR,MME060,2021-11-30 23:43:38,115,11,30
343,CAR,MPR071,2022-02-28 22:48:43,81,2,28
344,CAR,MQO598,2022-04-30 23:46:35,83,4,30
345,CAR,MUS336,2021-06-30 22:40:42,76,6,30
346,CAR,MUS342,2022-04-30 22:00:30,65,4,30
347,CAR,MUS368,2021-10-31 22:18:23,76,10,31
348,CAR,MUS371,2021-11-30 22:56:47,82,11,30
349,CAR,MUS512,2022-01-31 22:01:50,94,1,31
350,CAR,MUS518,2022-04-30 22:25:10,78,4,30
351,CAR,MUS519,2022-02-28 22:58:51,59,2,28
352,CAR,MVN910,2021-04-30 23:27:34,95,4,30
353,CAR,NBS707,2022-03-30 22:06:22,125,3,30
354,CAR,NCT493,2021-08-31 23:11:39,122,8,31
355,CAR,NDY931,2022-04-30 22:42:34,86,4,30
356,CAR,OAH170,2022-02-28 21:03:09,13,2,28
357,CAR,OGL035,2021-10-31 23:33:45,85,10,31
358,CAR,OJF134,2021-04-30 22:29:33,81,4,30
359,CAR,OJF141,2022-04-30 22:03:40,90,4,30
360,CAR,OJF147,2022-01-31 22:07:04,65,1,31
361,CAR,OMP009,2022-04-30 22:55:09,93,4,30
362,CAR,OMP010,2022-03-31 22:21:40,95,3,31
363,CAR,OMP013,2021-12-17 13:48:48,0,12,17
364,CAR,OMP019,2022-04-30 23:32:24,0,4,30
365,CAR,OMP020,2022-02-28 22:01:58,91,2,28
366,CAR,OMP034,2021-11-30 21:40:05,58,11,30
367,CAR,OMP036,2022-04-30 22:42:50,102,4,30
368,CAR,OMP043,2022-01-31 22:01:48,60,1,31
369,CAR,OOD000,2022-04-30 10:55:55,94,4,30
370,CAR,OTD600,2021-10-31 22:07:29,96,10,31
371,CAR,OTD622,2021-07-31 11:38:58,79,7,31
372,CAR,PAA217,2022-04-30 23:56:51,94,4,30
373,CAR,PAC783,2021-04-30 23:40:16,82,4,30
374,CAR,PCF484,2022-01-31 23:08:42,75,1,31
375,CAR,PCH621,2021-06-30 23:33:15,69,6,30
376,CAR,PCL864,2022-04-30 23:44:55,86,4,30
377,CAR,PCT832,2021-05-31 23:01:57,75,5,31
378,CAR,POT676,2022-03-25 13:58:56,0,3,25
379,CAR,PYK195,2021-09-30 22:32:25,85,9,30
380,CAR,QAA125,2022-02-28 23:58:47,98,2,28
381,CAR,QAA258,2022-03-31 23:48:11,91,3,31
382,CAR,QGN935,2021-06-30 17:56:49,88,6,30
383,CAR,QGO998,2021-08-31 23:31:22,85,8,31
384,CAR,RAK446,2022-04-30 22:07:50,99,4,30
385,CAR,RBZ694,2021-11-30 22:18:30,92,11,30
386,CAR,RGM886,2021-08-31 22:06:09,82,8,31
387,CAR,RHQ902,2022-02-28 23:16:44,99,2,28
388,CAR,RHQ903,2021-04-30 22:17:36,96,4,30
389,CAR,RZG784,2021-09-30 21:14:15,99,9,30
390,CAR,RZR557,2021-06-30 22:56:34,96,6,30
391,CAR,SAB399,2022-04-30 22:35:17,84,4,30
392,CAR,SAK375,2022-02-28 22:26:50,66,2,28
393,CAR,SAK665,2022-03-31 23:52:51,86,3,31
394,CAR,SAK752,2021-05-31 23:55:04,86,5,31
395,CAR,SBB027,2021-04-29 12:41:51,68,4,29
396,CAR,SBK952,2022-02-28 22:54:28,88,2,28
397,CAR,SBV270,2022-03-31 23:58:23,83,3,31
398,CAR,SCO021,2022-04-30 22:03:40,111,4,30
399,CAR,SCT437,2021-09-30 23:54:24,69,9,30
400,CAR,SCT463,2022-04-30 20:03:23,62,4,30
401,CAR,SCT478,2021-11-30 15:13:39,81,11,30
402,CAR,SCT532,2022-01-31 23:29:03,93,1,31
403,CAR,SET333,2022-03-31 23:58:43,91,3,31
404,CAR,SGX954,2022-04-30 22:49:59,64,4,30
405,CAR,SIB696,2021-11-30 22:09:12,70,11,30
406,CAR,SIL685,2022-02-28 23:58:50,93,2,28
407,CAR,SIM570,2021-07-31 22:57:15,77,7,31
408,CAR,SJK256,2021-10-31 23:53:08,88,10,31
409,CAR,SJK489,2022-03-31 23:04:34,78,3,31
410,CAR,SJK499,2022-04-30 23:58:15,74,4,30
411,CAR,SJK500,2022-01-31 22:05:06,92,1,31
412,CAR,SKF974,2021-11-30 16:59:34,87,11,30
413,CAR,SKK676,2021-11-30 22:34:17,85,11,30
414,CAR,SKL801,2021-12-27 09:53:36,63,12,27
415,CAR,SKL995,2021-08-31 22:24:57,60,8,31
416,CAR,SKM002,2021-12-30 02:01:41,86,12,30
417,CAR,SKN054,2022-03-31 23:35:18,85,3,31
418,CAR,SKN146,2021-04-30 22:28:42,81,4,30
419,CAR,SKN389,2022-01-31 23:56:40,96,1,31
420,CAR,SKV276,2022-02-28 21:02:50,88,2,28
421,CAR,SKV367,2021-09-30 19:57:25,0,9,30
422,CAR,SKY227,2022-02-28 22:44:10,106,2,28
423,CAR,SKY247,2021-11-30 22:26:44,84,11,30
424,CAR,SKY354,2021-06-30 23:50:39,88,6,30
425,CAR,SKY843,2021-10-31 22:44:40,99,10,31
426,CAR,SKY912,2021-09-30 17:33:12,40,9,30
427,CAR,SKZ509,2022-04-30 22:23:17,87,4,30
428,CAR,SLG641,2021-05-31 22:31:49,43,5,31
429,CAR,SLG826,2021-08-31 22:22:36,71,8,31
430,CAR,SLH296,2022-04-30 22:41:34,103,4,30
431,CAR,SLH819,2022-03-31 23:27:48,77,3,31
432,CAR,SLH992,2022-01-31 23:49:24,99,1,31
433,CAR,SMB120,2021-07-30 10:53:17,99,7,30
434,CAR,SMG740,2021-04-30 22:28:51,89,4,30
435,CAR,SMG775,2021-11-30 12:49:35,90,11,30
436,CAR,SMH916,2021-12-31 23:56:47,88,12,31
437,CAR,SMJ183,2022-03-31 22:25:03,96,3,31
438,CAR,SMJ230,2022-01-31 22:58:38,91,1,31
439,CAR,SMO581,2021-09-30 22:47:32,93,9,30
440,CAR,SMO642,2021-11-30 22:36:16,99,11,30
441,CAR,SMO843,2022-04-30 22:55:12,91,4,30
442,CAR,SMP071,2022-04-30 22:11:45,72,4,30
443,CAR,SMV984,2021-10-31 22:59:31,94,10,31
444,CAR,SMY259,2021-05-31 23:54:18,103,5,31
445,CAR,SMY449,2021-08-31 22:10:02,84,8,31
446,CAR,SNA217,2022-03-31 23:58:42,96,3,31
447,CAR,SNH315,2021-11-30 22:36:30,84,11,30
448,CAR,SNP439,2022-02-28 22:35:20,104,2,28
449,CAR,SNQ801,2021-04-30 23:55:42,92,4,30
450,CAR,SNR032,2021-12-31 23:43:11,85,12,31
451,CAR,SNR712,2022-01-31 23:18:14,82,1,31
452,CAR,SNS545,2022-04-30 22:04:34,134,4,30
453,CAR,SNS671,2022-03-31 23:59:53,84,3,31
454,CAR,SNS925,2021-06-30 22:52:29,91,6,30
455,CAR,SNT566,2021-11-30 22:53:02,100,11,30
456,CAR,SNV656,2021-08-31 22:56:07,91,8,31
457,CAR,SNX019,2021-10-31 23:40:34,255,10,31
458,CAR,SNX851,2021-05-31 22:21:07,90,5,31
459,CAR,SNZ174,2022-01-31 22:05:10,71,1,31
460,CAR,SNZ338,2021-07-31 22:46:40,106,7,31
461,CAR,SOB541,2022-03-31 22:01:44,83,3,31
462,CAR,SOD724,2022-01-31 22:48:31,83,1,31
463,CAR,SOE172,2021-10-31 22:26:55,67,10,31
464,CAR,SOE501,2021-10-31 22:59:14,71,10,31
465,CAR,SOE812,2021-09-30 22:57:53,87,9,30
466,CAR,SOF095,2021-11-30 15:26:59,9,11,30
467,CAR,SOF336,2022-02-28 22:36:46,82,2,28
468,CAR,SOI129,2021-04-30 22:54:04,83,4,30
469,CAR,SOI405,2021-06-30 22:55:06,86,6,30
470,CAR,SOO226,2022-04-30 22:49:20,99,4,30
471,CAR,SOO380,2022-01-31 22:01:09,78,1,31
472,CAR,SOO750,2022-01-31 23:10:40,74,1,31
473,CAR,SOP176,2022-02-28 22:37:21,87,2,28
474,CAR,SOP847,2021-06-30 22:32:15,93,6,30
475,CAR,SOP941,2021-12-31 22:42:13,0,12,31
476,CAR,SOQ025,2022-01-31 22:46:04,93,1,31
477,CAR,SOQ218,2021-04-30 22:33:16,280,4,30
478,CAR,SOQ270,2022-02-28 22:54:40,83,2,28
479,CAR,SOQ272,2021-06-30 22:27:35,81,6,30
480,CAR,SOQ314,2022-04-30 23:52:51,199,4,30
481,CAR,SOQ408,2021-08-31 22:40:37,4,8,31
482,CAR,SOQ420,2021-12-31 23:36:29,99,12,31
483,CAR,SOQ448,2021-05-31 22:47:08,75,5,31
484,CAR,SOQ547,2021-07-31 22:53:39,91,7,31
485,CAR,SOQ564,2022-03-31 22:25:05,97,3,31
486,CAR,SOQ568,2021-11-30 22:06:56,103,11,30
487,CAR,SOQ809,2021-04-30 22:37:06,87,4,30
488,CAR,SOQ851,2021-09-28 12:59:53,89,9,28
489,CAR,SOQ853,2022-02-28 22:36:46,83,2,28
490,CAR,SOQ854,2022-01-14 15:15:43,0,1,14
491,CAR,SOQ857,2022-01-31 23:56:10,117,1,31
492,CAR,SOQ858,2021-10-31 23:58:27,88,10,31
493,CAR,SOQ884,2021-11-30 22:30:34,76,11,30
494,CAR,SOR324,2021-06-30 22:52:41,96,6,30
495,CAR,SOR399,2021-04-30 22:01:06,73,4,30
496,CAR,SOR712,2021-07-31 22:55:13,58,7,31
497,CAR,SOR715,2022-01-31 22:17:44,83,1,31
498,CAR,SOS642,2021-05-31 23:44:18,62,5,31
499,CAR,SOS889,2022-02-28 22:35:47,128,2,28
500,CAR,SOS948,2021-08-31 23:56:31,76,8,31
501,CAR,SOZ436,2021-07-31 15:13:12,9,7,31
502,CAR,SOZ458,2021-11-30 23:54:25,93,11,30
503,CAR,SPD442,2022-02-24 23:00:15,99,2,24
504,CAR,SPD770,2022-03-31 22:27:40,91,3,31
505,CAR,SPL040,2022-02-28 23:16:48,87,2,28
506,CAR,SPL101,2022-04-30 22:28:56,94,4,30
507,CAR,SPL102,2021-04-30 23:57:01,90,4,30
508,CAR,SPO218,2021-11-30 22:59:08,99,11,30
509,CAR,SPO557,2021-12-31 22:27:15,93,12,31
510,CAR,SPO562,2022-01-31 22:33:05,74,1,31
511,CAR,SPO573,2021-09-30 22:34:18,89,9,30
512,CAR,SPP038,2021-06-30 22:02:23,60,6,30
513,CAR,SPP211,2022-02-28 22:22:55,85,2,28
514,CAR,SPQ272,2021-10-31 22:11:52,69,10,31
515,CAR,SPR118,2021-08-31 22:58:05,91,8,31
516,CAR,SPS620,2021-07-31 22:33:41,112,7,31
517,CAR,SPS765,2021-05-31 22:59:10,85,5,31
518,CAR,SPU495,2022-04-30 22:13:31,146,4,30
519,CAR,SPU501,2022-03-31 22:52:29,92,3,31
520,CAR,SPV003,2021-11-30 22:23:10,85,11,30
521,CAR,SPV033,2021-09-30 23:58:45,76,9,30
522,CAR,SPY102,2021-12-31 13:17:38,84,12,31
523,CAR,SPY185,2022-02-28 23:57:20,78,2,28
524,CAR,SQW272,2022-03-31 23:57:36,76,3,31
525,CAR,SQX824,2021-11-30 23:30:39,76,11,30
526,CAR,SQY277,2021-08-31 22:58:33,99,8,31
527,CAR,SRD798,2022-04-30 22:58:45,92,4,30
528,CAR,SRL175,2021-04-23 20:47:21,0,4,23
529,CAR,SRL724,2022-03-30 14:31:39,,3,30
530,CAR,SRL732,2021-08-31 23:27:27,89,8,31
531,CAR,SRL745,2021-11-30 22:53:44,60,11,30
532,CAR,SRM475,2021-04-30 23:44:13,84,4,30
533,CAR,SRN586,2021-07-31 23:32:17,83,7,31
534,CAR,SRO148,2022-04-30 22:15:10,98,4,30
535,CAR,SRO231,2022-02-28 21:18:21,100,2,28
536,CAR,SRP290,2021-11-30 23:58:23,94,11,30
537,CAR,SRP571,2021-12-29 19:01:05,92,12,29
538,CAR,SRP618,2021-09-30 23:52:21,87,9,30
539,CAR,SRP620,2021-06-30 23:52:39,113,6,30
540,CAR,SSA077,2022-01-31 22:24:12,94,1,31
541,CAR,SSA087,2021-05-31 22:36:46,84,5,31
542,CAR,SSQ556,2021-08-22 19:50:06,27,8,22
543,CAR,SST136,2021-04-30 23:34:55,80,4,30
544,CAR,SST305,2022-02-28 22:47:31,84,2,28
545,CAR,SST779,2021-07-31 20:02:00,97,7,31
546,CAR,SSW161,2021-11-30 21:11:20,86,11,30
547,CAR,SSW753,2022-03-31 23:50:02,94,3,31
548,CAR,SSX832,2022-04-30 23:58:06,100,4,30
549,CAR,SSX968,2021-10-31 23:53:24,99,10,31
550,CAR,SSY302,2021-12-31 23:32:15,106,12,31
551,CAR,SSY404,2021-11-30 20:45:54,82,11,30
552,CAR,SSY463,2021-06-30 23:49:57,72,6,30
553,CAR,SSY617,2021-05-31 23:54:48,92,5,31
554,CAR,SSY635,2021-09-30 17:21:31,75,9,30
555,CAR,SSY843,2022-02-28 23:40:12,116,2,28
556,CAR,SSY860,2021-11-30 15:55:47,100,11,30
557,CAR,SSZ065,2022-01-31 21:52:34,89,1,31
558,CAR,SSZ069,2021-08-31 23:52:28,77,8,31
559,CAR,SSZ073,2021-04-30 23:51:01,92,4,30
560,CAR,SSZ076,2021-07-15 15:53:37,70,7,15
561,CAR,SSZ082,2021-11-30 23:52:17,76,11,30
562,CAR,SSZ105,2022-03-31 23:54:01,86,3,31
563,CAR,SSZ107,2022-04-30 23:50:08,58,4,30
564,CAR,SSZ150,2021-06-30 23:50:00,72,6,30
565,CAR,SSZ157,2021-10-31 23:53:04,84,10,31
566,CAR,SSZ231,2021-11-30 23:39:58,90,11,30
567,CAR,SSZ286,2022-02-28 23:53:12,98,2,28
568,CAR,SSZ387,2021-05-31 23:54:30,98,5,31
569,CAR,STA092,2021-11-30 23:54:25,82,11,30
570,CAR,STA124,2021-04-30 23:54:31,89,4,30
571,CAR,STA126,2022-01-31 23:52:36,76,1,31
572,CAR,STA128,2021-09-30 23:58:12,97,9,30
573,CAR,STA129,2021-07-31 23:19:33,85,7,31
574,CAR,STA221,2021-11-30 23:48:57,95,11,30
575,CAR,STA261,2021-12-31 23:25:40,92,12,31
576,CAR,STA334,2021-06-30 23:53:22,95,6,30
577,CAR,STA651,2022-03-31 23:14:15,40,3,31
578,CAR,STA671,2022-04-30 12:03:36,94,4,30
579,CAR,STA735,2022-02-28 22:00:47,72,2,28
580,CAR,STA739,2021-10-31 12:15:42,93,10,31
581,CAR,STE129,2021-11-30 22:52:11,99,11,30
582,CAR,STO075,2021-08-31 23:39:37,84,8,31
583,CAR,STS532,2021-07-31 23:15:40,99,7,31
584,CAR,STU902,2022-01-31 23:36:46,104,1,31
585,CAR,STV812,2021-12-31 18:19:55,80,12,31
586,CAR,STW457,2021-11-30 21:59:14,83,11,30
587,CAR,SUE795,2022-04-30 23:41:53,82,4,30
588,CAR,SUE972,2021-11-30 23:40:09,88,11,30
589,CAR,SUF254,2022-02-28 23:58:48,90,2,28
590,CAR,SVB024,2021-10-31 22:56:59,90,10,31
591,CAR,SVB849,2021-08-31 22:45:55,65,8,31
592,CAR,SVD590,2021-11-30 23:55:42,95,11,30
593,CAR,SVD612,2021-07-31 23:46:40,88,7,31
594,CAR,SVD613,2021-04-30 22:12:54,78,4,30
595,CAR,SVF341,2021-12-31 23:58:48,80,12,31
596,CAR,SVF364,2022-01-31 23:58:21,76,1,31
597,CAR,SVM087,2021-11-30 22:17:39,83,11,30
598,CAR,SVM198,2021-06-30 23:23:16,77,6,30
599,CAR,SVM374,2021-09-30 23:42:20,93,9,30
600,CAR,SVM856,2022-04-30 23:58:39,96,4,30
601,CAR,SVM857,2022-03-31 23:58:18,93,3,31
602,CAR,SVO733,2021-11-30 22:21:58,88,11,30
603,CAR,SVO905,2022-02-28 22:13:49,95,2,28
604,CAR,SVP145,2021-08-31 23:29:54,87,8,31
605,CAR,SVP264,2021-11-30 23:35:00,50,11,30
606,CAR,SVP273,2021-05-31 16:05:26,70,5,31
607,CAR,SVP309,2021-11-30 22:39:26,73,11,30
608,CAR,SVP374,2021-11-30 23:57:56,91,11,30
609,CAR,SVP853,2021-12-31 22:12:48,0,12,31
610,CAR,SVS525,2021-11-13 10:20:57,94,11,13
611,CAR,SWK421,2021-04-30 22:45:21,84,4,30
612,CAR,SWL011,2022-01-31 21:01:10,88,1,31
613,CAR,SWO698,2021-11-30 22:48:34,87,11,30
614,CAR,SWP254,2022-02-28 22:35:00,6,2,28
615,CAR,SWP746,2021-07-31 22:00:43,103,7,31
616,CAR,SWP914,2021-06-30 23:58:29,96,6,30
617,CAR,SWP916,2021-09-30 22:37:22,77,9,30
618,CAR,SWR653,2022-04-30 23:10:43,67,4,30
619,CAR,SWS285,2022-03-31 23:50:17,71,3,31
620,CAR,SXB850,2022-02-28 22:50:34,102,2,28
621,CAR,SXD201,2021-08-31 23:43:08,49,8,31
622,CAR,SXD535,2021-11-30 23:52:51,85,11,30
623,CAR,SXF192,2021-12-31 22:02:38,87,12,31
624,CAR,SXH637,2021-05-31 22:15:49,0,5,31
625,CAR,SXJ643,2021-10-31 22:11:10,79,10,31
626,CAR,SXO443,2021-04-30 22:52:20,104,4,30
627,CAR,SXQ969,2021-11-30 17:38:35,92,11,30
628,CAR,SXR759,2022-01-31 23:54:33,83,1,31
629,CAR,SXR782,2021-06-30 23:55:36,94,6,30
630,CAR,SXR835,2021-11-30 19:58:22,90,11,30
631,CAR,SXR948,2021-08-31 22:51:47,76,8,31
632,CAR,SXR995,2022-04-30 23:59:49,100,4,30
633,CAR,SXS041,2022-03-17 04:25:51,92,3,17
634,CAR,SXS116,2021-12-29 23:23:21,106,12,29
635,CAR,SXS161,2022-02-28 23:33:56,92,2,28
636,CAR,SXS249,2021-11-30 23:30:30,99,11,30
637,CAR,SXS280,2021-05-23 04:26:47,89,5,23
638,CAR,SXS388,2021-04-30 23:34:59,86,4,30
639,CAR,SXS493,2021-10-31 23:58:50,97,10,31
640,CAR,SXS539,2021-04-30 11:22:53,90,4,30
641,CAR,SXS676,2021-11-30 23:37:05,90,11,30
642,CAR,SXS876,2021-06-30 23:51:46,81,6,30
643,CAR,SXS893,2022-01-31 18:07:30,77,1,31
644,CAR,SXT031,2021-08-31 21:01:12,99,8,31
645,CAR,SXT256,2021-12-31 22:02:33,98,12,31
646,CAR,SXT300,2022-02-28 23:58:35,76,2,28
647,CAR,SXT303,2022-04-24 10:36:52,95,4,24
648,CAR,SXT368,2022-03-31 23:17:28,76,3,31
649,CAR,SXT409,2021-07-31 23:33:28,3,7,31
650,CAR,SXT596,2021-09-30 13:34:37,107,9,30
651,CAR,SXW173,2021-04-30 22:00:49,95,4,30
652,CAR,SXW217,2021-10-31 23:34:04,108,10,31
653,CAR,SXY964,2021-11-30 22:36:44,73,11,30
654,CAR,SXZ343,2022-01-31 22:43:08,97,1,31
655,CAR,SYN253,2021-12-31 23:32:53,91,12,31
656,CAR,SYN433,2022-02-28 22:10:38,68,2,28
657,CAR,SYS528,2021-08-31 23:20:58,95,8,31
658,CAR,SYT639,2022-04-30 22:53:22,94,4,30
659,CAR,SYU084,2022-03-31 23:55:01,83,3,31
660,CAR,SYU488,2021-11-30 22:00:20,61,11,30
661,CAR,SZL663,2021-05-31 23:25:23,92,5,31
662,CAR,SZL706,2022-01-31 22:15:08,88,1,31
663,CAR,SZM582,2021-04-30 22:26:23,73,4,30
664,CAR,SZM703,2021-09-30 22:49:01,82,9,30
665,CAR,SZN233,2021-10-31 00:10:44,87,10,31
666,CAR,SZO414,2021-12-31 22:24:17,105,12,31
667,CAR,SZP710,2022-02-28 22:24:55,84,2,28
668,CAR,SZP795,2021-06-30 22:07:29,70,6,30
669,CAR,SZT628,2021-08-31 23:56:14,89,8,31
670,CAR,SZV736,2021-11-30 22:18:52,80,11,30
671,CAR,SZW402,2021-12-05 16:21:49,69,12,5
672,CAR,SZW451,2022-04-30 22:46:12,98,4,30
673,CAR,SZW452,2021-05-31 22:34:56,84,5,31
674,CAR,SZW575,2021-12-05 15:38:51,0,12,5
675,CAR,SZW592,2021-04-30 22:01:34,14,4,30
676,CAR,SZW594,2022-01-07 15:57:10,80,1,7
677,CAR,SZW597,2022-04-30 22:35:13,73,4,30
678,CAR,SZW599,2021-12-31 22:39:38,83,12,31
679,CAR,SZW601,2021-10-31 22:01:17,83,10,31
680,CAR,SZW605,2022-02-28 22:44:17,90,2,28
681,CAR,SZW606,2021-12-05 16:35:17,79,12,5
682,CAR,SZW612,2022-03-31 23:58:47,83,3,31
683,CAR,SZW973,2021-07-31 23:52:20,90,7,31
684,CAR,SZX021,2022-02-28 22:09:09,106,2,28
685,CAR,SZX091,2022-04-30 22:35:43,85,4,30
686,CAR,SZX618,2022-04-30 23:02:46,86,4,30
687,CAR,SZX683,2022-03-31 23:56:15,84,3,31
688,CAR,SZY580,2021-12-05 15:03:56,86,12,5
689,CAR,SZY619,2021-05-31 23:58:07,97,5,31
690,CAR,SZZ397,2022-02-28 23:17:39,91,2,28
691,CAR,SZZ598,2021-04-30 22:42:40,85,4,30
692,CAR,TAL070,2022-03-31 23:01:07,99,3,31
693,CAR,TAL194,2021-09-30 22:01:49,108,9,30
694,CAR,TAL200,2021-12-05 15:33:51,51,12,5
695,CAR,TAL202,2021-09-30 23:54:55,90,9,30
696,CAR,TAL204,2022-04-12 22:05:29,84,4,12
697,CAR,TAL209,2021-08-31 23:59:36,85,8,31
698,CAR,TAL274,2022-04-30 13:25:24,78,4,30
699,CAR,TAL299,2022-01-31 22:13:02,58,1,31
700,CAR,TAL974,2021-12-31 22:14:00,86,12,31
701,CAR,TAM212,2021-12-05 16:40:14,83,12,5
702,CAR,TAM294,2022-04-30 22:47:23,93,4,30
703,CAR,TAM547,2022-03-31 14:02:05,91,3,31
704,CAR,TAQ138,2021-08-31 23:54:41,69,8,31
705,CAR,TAQ152,2021-05-31 22:33:38,88,5,31
706,CAR,TAR144,2022-02-23 09:48:08,5,2,23
707,CAR,TAV255,2022-04-30 21:29:46,97,4,30
708,CAR,TAV372,2021-05-31 23:59:03,85,5,31
709,CAR,TAW077,2021-04-30 22:23:34,80,4,30
710,CAR,TAW204,2021-10-31 23:35:11,102,10,31
711,CAR,TAW369,2022-04-30 23:55:53,96,4,30
712,CAR,TAW617,2021-12-31 23:50:29,98,12,31
713,CAR,TAW708,2021-12-05 16:42:31,84,12,5
714,CAR,TAX928,2022-03-31 23:58:43,102,3,31
715,CAR,TAX982,2022-04-30 23:58:31,96,4,30
716,CAR,TAZ624,2021-07-31 23:50:53,86,7,31
717,CAR,TBO108,2021-08-31 17:13:21,98,8,31
718,CAR,TBZ880,2021-09-30 22:43:59,75,9,30
719,CAR,TDK150,2022-04-30 22:54:13,107,4,30
720,CAR,TDK632,2022-03-31 22:44:18,95,3,31
721,CAR,TDK659,2021-09-30 22:01:46,95,9,30
722,CAR,TDL516,2022-04-30 22:00:28,126,4,30
723,CAR,TDL640,2022-01-31 23:44:15,99,1,31
724,CAR,TDL844,2021-12-05 15:06:06,84,12,5
725,CAR,TDM201,2022-03-31 10:08:25,61,3,31
726,CAR,TDS221,2022-04-30 22:38:53,77,4,30
727,CAR,TDU877,2021-10-31 22:04:04,84,10,31
728,CAR,TDV466,2021-04-30 22:46:42,97,4,30
729,CAR,TDZ960,2022-04-30 23:17:32,104,4,30
730,CAR,TEK292,2021-12-31 23:58:39,94,12,31
731,CAR,TEK526,2021-12-05 17:07:04,92,12,5
732,CAR,TEK886,2022-03-31 23:46:17,93,3,31
733,CAR,TEK900,2022-02-28 23:00:37,82,2,28
734,CAR,TEK902,2022-04-30 22:55:33,91,4,30
735,CAR,TEK934,2021-12-05 17:21:20,9,12,5
736,CAR,TEO137,2021-12-31 23:46:42,99,12,31
737,CAR,TEO145,2021-09-30 23:48:26,94,9,30
738,CAR,TEO147,2021-04-30 22:36:33,92,4,30
739,CAR,TEO152,2022-04-30 23:47:20,88,4,30
740,CAR,TEO375,2021-12-05 16:02:10,0,12,5
741,CAR,TEO393,2021-10-31 22:54:50,96,10,31
742,CAR,TER324,2021-11-30 22:29:46,3,11,30
743,CAR,TER531,2021-06-22 01:42:25,75,6,22
744,CAR,TEW162,2021-07-31 17:15:35,98,7,31
745,CAR,TFK862,2022-03-31 23:01:38,86,3,31
746,CAR,TFK962,2021-08-31 22:39:46,76,8,31
747,CAR,TFO898,2022-04-30 23:38:19,84,4,30
748,CAR,TFP290,2021-12-31 22:59:20,93,12,31
749,CAR,TFT782,2021-08-31 22:21:10,84,8,31
750,CAR,TFU415,2021-09-30 22:17:02,62,9,30
751,CAR,TFU464,2022-02-28 23:35:55,97,2,28
752,CAR,TFU940,2022-04-30 23:58:24,93,4,30
753,CAR,TFV952,2021-12-05 16:02:09,0,12,5
754,CAR,TFW887,2021-05-07 22:54:38,1,5,7
755,CAR,TGK537,2022-04-30 19:18:57,82,4,30
756,CAR,TGL142,2022-03-31 23:51:53,57,3,31
757,CAR,TGL154,2021-10-31 22:47:00,87,10,31
758,CAR,TGM744,2022-04-30 22:20:01,83,4,30
759,CAR,TGN131,2021-12-05 16:12:34,25,12,5
760,CAR,TGN417,2021-08-31 23:31:14,96,8,31
761,CAR,TGN733,2022-01-31 22:37:32,85,1,31
762,CAR,TGN976,2022-01-31 23:36:12,70,1,31
763,CAR,TGW354,2022-02-28 23:49:43,40,2,28
764,CAR,TGY448,2022-04-30 22:36:39,86,4,30
765,CAR,TGZ285,2021-11-30 23:59:21,98,11,30
766,CAR,TGZ500,2021-05-31 22:39:15,88,5,31
767,CAR,THK452,2022-03-30 06:20:51,0,3,30
768,CAR,THL480,2022-04-30 22:54:46,90,4,30
769,CAR,THP001,2021-12-31 22:15:32,63,12,31
770,CAR,THR247,2021-12-31 21:30:47,97,12,31
771,CAR,THR360,2021-12-05 17:16:06,81,12,5
772,CAR,THR685,2021-10-31 23:36:28,85,10,31
773,CAR,THR748,2021-07-31 23:54:10,82,7,31
774,CAR,THS026,2021-08-31 22:01:52,95,8,31
775,CAR,THS402,2022-02-28 22:37:40,94,2,28
776,CAR,THS403,2022-04-30 22:28:48,62,4,30
777,CAR,THW055,2022-03-31 22:39:25,81,3,31
778,CAR,THW311,2021-09-30 22:59:05,95,9,30
779,CAR,THY244,2022-01-31 22:36:16,88,1,31
780,CAR,THY397,2021-12-31 22:03:18,88,12,31
781,CAR,THY583,2022-04-30 22:17:30,5,4,30
782,CAR,TJX633,2021-05-31 22:05:50,88,5,31
783,CAR,TKD652,2022-04-30 23:57:41,46,4,30
784,CAR,TLL945,2022-02-28 22:37:13,89,2,28
785,CAR,TLM017,2021-10-31 22:43:35,85,10,31
786,CAR,TLM029,2022-02-28 23:45:28,85,2,28
787,CAR,TLM110,2021-12-31 23:03:25,89,12,31
788,CAR,TLM460,2022-04-29 15:10:07,60,4,29
789,CAR,TLM652,2021-12-05 17:47:00,82,12,5
790,CAR,TLM786,2021-06-30 23:58:39,84,6,30
791,CAR,TLN609,2022-03-31 23:41:32,99,3,31
792,CAR,TLO116,2022-04-30 23:50:24,105,4,30
793,CAR,TLO442,2021-07-31 22:11:49,64,7,31
794,CAR,TLW572,2022-01-31 22:55:36,80,1,31
795,CAR,TLW574,2022-04-30 22:36:34,78,4,30
796,CAR,TLW577,2022-02-04 06:15:30,78,2,4
797,CAR,TLW579,2021-05-31 22:16:06,74,5,31
798,CAR,TLW584,2021-12-31 22:03:18,92,12,31
799,CAR,TLW589,2021-08-31 23:56:27,97,8,31
800,CAR,TLW591,2021-10-31 23:43:29,99,10,31
801,CAR,TLW593,2022-04-30 22:00:33,95,4,30
802,CAR,TLX648,2021-06-30 22:29:15,79,6,30
803,CAR,TLY331,2022-03-31 23:00:43,92,3,31
804,CAR,TLZ136,2022-04-30 08:59:43,94,4,30
805,CAR,TLZ194,2021-12-05 16:46:05,9,12,5
806,CAR,TMZ248,2022-04-30 22:54:47,88,4,30
807,CAR,TMZ638,2022-02-28 18:00:28,86,2,28
808,CAR,TND848,2021-09-30 23:49:59,110,9,30
809,CAR,TNG092,2021-12-31 22:25:58,61,12,31
810,CAR,TOQ384,2022-04-30 23:34:33,78,4,30
811,CAR,TPX674,2021-04-30 22:33:07,113,4,30
812,CAR,TPY061,2021-08-31 22:40:06,104,8,31
813,CAR,TRC323,2022-03-31 22:26:08,71,3,31
814,CAR,TRG805,2022-04-30 23:58:14,82,4,30
815,CAR,TRI165,2021-06-30 22:28:48,102,6,30
816,CAR,TRJ962,2022-04-30 22:31:37,99,4,30
817,CAR,TRJ964,2022-04-30 22:00:10,68,4,30
818,CAR,TRJ970,2021-05-31 22:03:27,75,5,31
819,CAR,TRL909,2022-02-28 22:52:40,86,2,28
820,CAR,TRM457,2021-12-05 16:49:22,0,12,5
821,CAR,TSK354,2021-12-31 22:50:39,98,12,31
822,CAR,TSO105,2022-02-28 21:04:56,67,2,28
823,CAR,TSS236,2021-05-31 22:34:23,75,5,31
824,CAR,TSS658,2021-09-30 23:45:23,77,9,30
825,CAR,TSU527,2021-08-31 22:10:12,62,8,31
826,CAR,TSV258,2021-07-31 23:56:12,102,7,31
827,CAR,TSV291,2021-12-05 18:03:37,93,12,5
828,CAR,TSV294,2021-10-31 23:52:02,102,10,31
829,CAR,TSV515,2022-02-28 23:51:40,96,2,28
830,CAR,TSV579,2022-04-30 23:56:28,171,4,30
831,CAR,TSW190,2022-03-31 23:01:03,78,3,31
832,CAR,TSW903,2021-06-30 22:05:44,98,6,30
833,CAR,TSY123,2022-02-28 22:24:31,93,2,28
834,CAR,TTO039,2021-12-30 10:47:46,85,12,30
835,CAR,TTO132,2021-12-05 16:59:33,3,12,5
836,CAR,TTO168,2021-10-31 22:02:29,62,10,31
837,CAR,TTO926,2021-06-01 13:48:51,0,6,1
838,CAR,TTQ327,2022-04-30 23:58:11,106,4,30
839,CAR,TTR007,2022-02-28 23:38:19,87,2,28
840,CAR,TTR119,2021-05-31 23:26:22,97,5,31
841,CAR,TTR840,2021-08-31 23:53:53,91,8,31
842,CAR,TTS045,2021-07-31 17:53:54,135,7,31
843,CAR,TTS188,2022-04-30 22:42:22,80,4,30
844,CAR,TTS659,2022-02-28 23:52:03,88,2,28
845,CAR,TTS723,2021-12-05 17:10:48,0,12,5
846,CAR,TTS941,2021-10-31 22:06:26,55,10,31
847,CAR,TTT199,2021-09-30 22:52:50,74,9,30
848,CAR,TTT534,2022-03-31 21:12:47,99,3,31
849,CAR,TTU760,2021-06-30 12:46:57,92,6,30
850,CAR,TTU874,2021-12-31 23:54:04,94,12,31
851,CAR,TTV267,2022-02-28 22:22:17,93,2,28
852,CAR,TTW966,2021-12-05 14:52:41,0,12,5
853,CAR,TTX010,2021-05-31 23:50:00,91,5,31
854,CAR,TTX074,2022-02-28 23:53:39,92,2,28
855,CAR,TTX194,2022-01-31 20:05:44,91,1,31
856,CAR,TTX807,2022-03-31 22:25:17,79,3,31
857,CAR,TTY468,2021-08-31 23:24:22,85,8,31
858,CAR,TTY470,2021-07-31 22:00:11,93,7,31
859,CAR,TTY473,2021-04-30 22:44:25,215,4,30
860,CAR,TTZ167,2021-12-05 18:14:44,31,12,5
861,CAR,TTZ171,2022-03-31 22:50:38,91,3,31
862,CAR,TTZ387,2022-04-30 23:12:44,87,4,30
863,CAR,TTZ828,2022-02-28 22:17:50,94,2,28
864,CAR,TUK426,2021-12-30 15:49:27,94,12,30
865,CAR,TUL110,2021-09-30 23:58:28,94,9,30
866,CAR,TUL336,2021-12-31 22:08:03,97,12,31
867,CAR,TVA236,2022-03-31 23:00:37,83,3,31
868,CAR,TVB313,2021-04-30 22:54:51,97,4,30
869,CAR,TVB905,2021-12-31 22:00:40,93,12,31
870,CAR,TWA247,2021-12-31 22:02:04,99,12,31
871,CAR,TWA257,2022-02-28 18:00:23,95,2,28
872,CAR,TZK246,2021-09-30 22:49:57,27,9,30
873,CAR,TZR608,2021-06-30 22:28:40,96,6,30
874,CAR,TZT008,2021-12-31 22:00:50,69,12,31
875,CAR,TZT059,2022-02-28 22:43:34,98,2,28
876,CAR,TZT079,2022-04-30 22:59:25,103,4,30
877,CAR,TZT389,2022-01-31 22:02:04,88,1,31
878,CAR,TZT587,2021-10-31 22:59:59,58,10,31
879,CAR,TZY121,2022-03-31 23:43:07,90,3,31
880,CAR,TZY122,2022-02-28 23:52:58,90,2,28
881,CAR,TZY185,2021-09-30 23:36:42,93,9,30
882,CAR,TZZ027,2021-08-31 22:50:47,66,8,31
883,CAR,UBV704,2021-07-24 16:43:05,168,7,24
884,CAR,UFP701,2021-06-30 09:46:43,68,6,30
885,CAR,UFR659,2021-06-30 20:11:10,13,6,30
886,CAR,UFR869,2022-02-28 22:29:24,0,2,28
887,CAR,UFT852,2021-10-31 22:39:41,86,10,31
888,CAR,UFU445,2021-12-31 22:33:56,99,12,31
889,CAR,UFV580,2021-04-16 22:26:32,5,4,16
890,CAR,UFW131,2021-12-05 23:38:31,29,12,5
891,CAR,UFW817,2022-04-30 23:22:16,94,4,30
892,CAR,UFX747,2021-05-31 22:41:28,72,5,31
893,CAR,UFZ135,2021-12-05 14:20:05,40,12,5
894,CAR,UFZ200,2021-10-01 15:39:42,0,10,1
895,CAR,UFZ314,2022-03-31 22:58:57,69,3,31
896,CAR,UFZ337,2022-02-28 15:28:02,82,2,28
897,CAR,UFZ969,2022-01-31 22:55:26,65,1,31
898,CAR,UFZ982,2022-03-31 23:35:20,91,3,31
899,CAR,UGW049,2021-08-31 22:54:26,0,8,31
900,CAR,UPB009,2022-04-30 23:44:17,73,4,30
901,CAR,UPN230,2021-07-31 21:01:50,49,7,31
902,CAR,UPO281,2021-09-30 22:59:12,82,9,30
903,CAR,UPP959,2022-04-30 22:32:15,85,4,30
904,CAR,UPQ014,2021-06-30 23:58:39,109,6,30
905,CAR,UPQ728,2022-03-31 23:43:22,88,3,31
906,CAR,UPQ968,2021-08-31 22:10:53,89,8,31
907,CAR,UPR079,2022-04-30 23:09:26,75,4,30
908,CAR,UPR744,2021-04-30 22:20:35,149,4,30
909,CAR,UQQ444,2022-04-30 23:59:06,94,4,30
910,CAR,UQR933,2022-03-31 23:00:10,90,3,31
911,CAR,UQS142,2021-05-31 23:54:57,84,5,31
912,CAR,UQS410,2021-12-05 19:41:53,75,12,5
913,CAR,URV064,2022-04-30 23:38:44,110,4,30
914,CAR,USC478,2022-04-30 22:05:27,86,4,30
915,CAR,USC954,2022-03-31 16:07:32,88,3,31
916,CAR,UTT985,2022-04-30 23:03:59,58,4,30
917,CAR,UWQ707,2022-04-30 22:11:27,96,4,30
918,CAR,UWR951,2021-06-25 12:48:50,2,6,25
919,CAR,UWS152,2021-09-30 22:32:23,89,9,30
920,CAR,UWS636,2021-12-31 22:14:18,89,12,31
921,CAR,UWS979,2021-12-05 19:29:29,57,12,5
922,CAR,UYA347,2022-02-28 21:00:39,53,2,28
923,CAR,UYT502,2022-04-30 22:58:04,88,4,30
924,CAR,UZK117,2021-05-31 22:47:22,85,5,31
925,CAR,VCE039,2021-07-31 22:50:43,88,7,31
926,CAR,VCJ123,2021-04-30 22:10:17,72,4,30
927,CAR,VCL303,2022-03-31 22:55:24,56,3,31
928,CAR,VDK821,2022-04-30 22:00:34,86,4,30
929,CAR,VDL327,2022-03-31 22:58:07,48,3,31
930,CAR,VEB187,2021-08-31 23:37:06,97,8,31
931,CAR,VEC196,2022-01-31 22:46:46,70,1,31
932,CAR,VED937,2021-06-30 22:01:19,76,6,30
933,CAR,VEE485,2021-12-05 18:46:15,30,12,5
934,CAR,VEE895,2021-10-31 22:47:21,91,10,31
935,CAR,VEK283,2022-02-28 19:34:03,83,2,28
936,CAR,VEL892,2021-12-31 22:37:19,89,12,31
937,CAR,VEO695,2021-09-30 22:58:40,70,9,30
938,CAR,VES106,2021-05-31 22:10:21,90,5,31
939,CAR,VFA833,2021-04-30 23:55:00,99,4,30
940,CAR,VFE201,2022-03-31 23:58:40,90,3,31
941,CAR,VKJ855,2021-08-31 23:44:30,89,8,31
942,CAR,VOV271,2022-04-30 22:18:07,0,4,30
943,CAR,VSE281,2022-01-31 17:23:29,34,1,31
944,CAR,VXG522,2021-12-31 22:03:45,92,12,31
945,CAR,VZD743,2022-02-28 23:52:14,89,2,28
946,CAR,WCO027,2021-05-31 22:59:33,102,5,31
947,CAR,WCO407,2021-10-31 23:31:53,162,10,31
948,CAR,WCP112,2021-09-30 22:42:13,90,9,30
949,CAR,WCP518,2022-04-30 22:54:35,84,4,30
950,CAR,WCQ008,2022-03-31 23:00:36,85,3,31
951,CAR,WCR092,2021-12-05 21:44:53,88,12,5
952,CAR,WCR489,2021-12-31 22:45:20,8,12,31
953,CAR,WCS129,2022-02-28 22:22:46,88,2,28
954,CAR,WCS713,2022-03-31 22:07:18,87,3,31
955,CAR,WCS720,2021-11-30 23:30:57,88,11,30
956,CAR,WCT614,2021-09-30 22:12:59,108,9,30
957,CAR,WCU025,2021-06-30 22:13:47,91,6,30
958,CAR,WCU149,2022-02-28 23:26:31,67,2,28
959,CAR,WCU472,2022-01-31 23:32:13,107,1,31
960,CAR,WCV822,2022-04-30 22:14:03,96,4,30
961,CAR,WCX129,2021-12-31 22:25:16,90,12,31
962,CAR,WCX550,2021-12-31 22:55:40,81,12,31
963,CAR,WCX570,2021-06-30 22:39:03,84,6,30
964,CAR,WCZ672,2021-07-31 22:26:17,113,7,31
965,CAR,WDA711,2021-05-31 22:49:30,84,5,31
966,CAR,WDE239,2022-04-30 20:56:40,131,4,30
967,CAR,WDQ824,2021-04-30 22:04:20,98,4,30
968,CAR,WDR379,2021-12-05 20:47:34,0,12,5
969,CAR,WDS188,2021-10-31 23:55:06,145,10,31
970,CAR,WDS373,2022-03-31 22:19:45,91,3,31
971,CAR,WDS464,2022-04-30 22:19:38,93,4,30
972,CAR,WEM167,2022-02-28 22:20:50,91,2,28
973,CAR,WEO949,2021-06-30 22:43:43,96,6,30
974,CAR,WEP898,2021-11-30 22:40:53,154,11,30
975,CAR,WEQ009,2022-04-30 23:58:19,97,4,30
976,CAR,WEQ459,2021-06-30 22:01:32,56,6,30
977,CAR,WEQ679,2022-04-30 22:40:24,106,4,30
978,CAR,WEQ714,2022-01-31 22:56:38,3,1,31
979,CAR,WEQ759,2021-04-30 22:39:36,80,4,30
980,CAR,WEQ760,2021-09-30 22:44:00,85,9,30
981,CAR,WER165,2022-04-30 22:24:25,82,4,30
982,CAR,WFD504,2021-05-31 23:45:08,73,5,31
983,CAR,WFG450,2021-12-31 16:03:45,94,12,31
984,CAR,WFG998,2021-04-30 23:00:55,95,4,30
985,CAR,WFH531,2021-08-31 22:08:12,99,8,31
986,CAR,WFH871,2021-10-31 23:21:11,87,10,31
987,CAR,WFH872,2021-07-31 22:09:11,93,7,31
988,CAR,WFH931,2021-12-05 20:29:14,0,12,5
989,CAR,WFI037,2022-04-30 23:37:30,95,4,30
990,CAR,WFI039,2021-09-30 22:47:47,83,9,30
991,CAR,WFI041,2021-08-31 22:59:04,81,8,31
992,CAR,WFI085,2021-09-30 23:58:35,96,9,30
993,CAR,WFI171,2022-01-31 22:57:11,97,1,31
994,CAR,WFI201,2022-04-30 22:35:41,107,4,30
995,CAR,WFI421,2021-12-31 22:10:50,92,12,31
996,CAR,WFI907,2021-10-31 22:27:13,84,10,31
997,CAR,WFL505,2021-06-30 22:57:39,91,6,30
998,CAR,WFQ363,2021-04-30 22:19:04,79,4,30
999,CAR,WFQ744,2022-04-30 22:01:27,83,4,30
1000,CAR,WFR958,2021-08-31 22:22:09,99,8,31
1001,CAR,WFR970,2022-03-31 22:09:16,95,3,31
1002,CAR,WFT328,2021-12-05 21:01:00,96,12,5
1003,CAR,WFT402,2022-02-28 22:23:04,71,2,28
1004,CAR,WFT669,2021-09-30 22:24:39,107,9,30
1005,CAR,WFV051,2022-04-30 23:14:23,91,4,30
1006,CAR,WFV201,2022-03-31 23:01:04,98,3,31
1007,CAR,WFV259,2022-02-28 19:08:21,128,2,28
1008,CAR,WFV413,2021-12-31 22:00:50,110,12,31
1009,CAR,WFV517,2021-12-31 22:55:24,76,12,31
1010,CAR,WFV519,2021-08-31 22:30:31,74,8,31
1011,CAR,WFV822,2022-01-31 23:45:09,109,1,31
1012,CAR,WFW198,2021-07-31 22:31:45,76,7,31
1013,CAR,WFW200,2022-04-30 22:57:47,89,4,30
1014,CAR,WGD265,2021-06-30 22:44:49,99,6,30
1015,CAR,WGI186,2021-10-31 23:58:50,92,10,31
1016,CAR,WGM381,2021-05-30 07:28:13,76,5,30
1017,CAR,WGP435,2022-03-31 21:59:51,98,3,31
1018,CAR,WGP552,2022-04-30 22:33:56,84,4,30
1019,CAR,WGP615,2022-02-28 22:48:41,92,2,28
1020,CAR,WGP618,2021-09-30 22:34:27,95,9,30
1021,CAR,WGP619,2021-04-30 23:59:24,96,4,30
1022,CAR,WGP665,2022-02-28 22:33:03,84,2,28
1023,CAR,WGP670,2021-05-31 22:08:29,65,5,31
1024,CAR,WGP942,2021-12-05 20:16:07,77,12,5
1025,CAR,WGQ042,2021-10-31 22:33:54,104,10,31
1026,CAR,WGQ324,2022-03-31 22:32:14,87,3,31
1027,CAR,WGQ325,2021-11-30 22:22:47,94,11,30
1028,CAR,WGQ326,2022-04-30 22:52:00,101,4,30
1029,CAR,WGQ327,2021-08-31 22:27:47,86,8,31
1030,CAR,WGQ328,2022-03-31 22:56:06,89,3,31
1031,CAR,WGQ330,2022-02-28 22:05:39,83,2,28
1032,CAR,WGQ407,2021-12-31 22:02:40,73,12,31
1033,CAR,WGQ743,2022-01-31 22:02:46,140,1,31
1034,CAR,WGQ797,2022-02-28 22:20:07,101,2,28
1035,CAR,WGQ908,2021-07-31 23:30:48,87,7,31
1036,CAR,WGQ909,2022-04-30 22:53:26,99,4,30
1037,CAR,WGQ910,2021-06-01 18:42:35,0,6,1
1038,CAR,WGQ947,2022-03-31 22:52:07,78,3,31
1039,CAR,WGQ972,2021-12-31 22:06:46,85,12,31
1040,CAR,WGQ973,2022-03-31 23:05:25,87,3,31
1041,CAR,WGR105,2021-10-31 22:28:09,84,10,31
1042,CAR,WGR106,2021-06-30 22:57:51,87,6,30
1043,CAR,WGR107,2021-08-31 22:39:27,91,8,31
1044,CAR,WGR113,2022-02-28 22:49:17,84,2,28
1045,CAR,WGU314,2022-04-30 22:24:54,99,4,30
1046,CAR,WGU554,2021-12-31 22:23:34,87,12,31
1047,CAR,WGU837,2021-08-31 23:58:15,90,8,31
1048,CAR,WGW265,2021-06-30 22:14:08,97,6,30
1049,CAR,WGW957,2022-01-31 22:11:23,91,1,31
1050,CAR,WGX266,2022-04-30 22:24:03,96,4,30
1051,CAR,WGX965,2021-08-31 22:21:57,85,8,31
1052,CAR,WGY103,2021-05-31 23:58:02,78,5,31
1053,CAR,WGY983,2021-10-31 23:57:42,97,10,31
1054,CAR,WGZ115,2022-02-28 22:12:32,88,2,28
1055,CAR,WGZ938,2022-02-28 22:12:51,88,2,28
1056,CAR,WHO291,2021-09-30 23:59:38,99,9,30
1057,CAR,WHO412,2021-07-31 22:53:44,71,7,31
1058,CAR,WHO430,2022-04-30 15:32:43,114,4,30
1059,CAR,WHO432,2021-04-30 22:59:58,99,4,30
1060,CAR,WHQ375,2022-03-31 22:58:10,73,3,31
1061,CAR,WHV465,2021-12-05 21:02:32,0,12,5
1062,CAR,WLC061,2022-04-30 22:58:01,96,4,30
1063,CAR,WLK537,2021-12-31 22:44:34,81,12,31
1064,CAR,WLK552,2021-08-31 23:27:34,107,8,31
1065,CAR,WLL835,2022-04-30 22:23:00,88,4,30
1066,CAR,WLN009,2022-03-31 23:06:31,88,3,31
1067,CAR,WLN127,2021-10-31 22:43:02,100,10,31
1068,CAR,WLN130,2022-04-30 22:55:26,90,4,30
1069,CAR,WLN186,2021-05-31 22:26:02,70,5,31
1070,CAR,WLN271,2021-07-31 22:19:45,87,7,31
1071,CAR,WLP979,2022-02-28 23:15:10,84,2,28
1072,CAR,WLQ638,2021-05-31 23:50:35,81,5,31
1073,CAR,WLQ871,2021-10-31 23:46:42,64,10,31
1074,CAR,WLR120,2022-03-31 22:45:50,65,3,31
1075,CAR,WLR460,2022-04-30 22:58:48,72,4,30
1076,CAR,WLS398,2021-06-30 22:58:57,55,6,30
1077,CAR,WLS400,2022-01-31 22:15:01,101,1,31
1078,CAR,WLS586,2021-06-30 22:40:46,187,6,30
1079,CAR,WLS718,2022-01-30 22:16:34,82,1,30
1080,CAR,WLU500,2021-04-30 22:06:46,64,4,30
1081,CAR,WLV869,2021-12-05 21:29:48,66,12,5
1082,CAR,WLY007,2021-12-31 23:44:49,100,12,31
1083,CAR,WMM583,2021-07-31 22:46:09,79,7,31
1084,CAR,WMO935,2021-08-31 22:48:26,80,8,31
1085,CAR,WMT278,2021-10-31 20:17:10,59,10,31
1086,CAR,WMY533,2022-02-28 22:36:17,95,2,28
1087,CAR,WMY942,2022-03-31 23:05:25,102,3,31
1088,CAR,WMY943,2021-04-30 23:54:33,89,4,30
1089,CAR,WMZ440,2021-10-30 22:54:08,93,10,30
1090,CAR,WMZ894,2022-04-30 22:54:37,108,4,30
1091,CAR,WNL724,2021-05-31 23:54:58,85,5,31
1092,CAR,WNM572,2022-01-30 23:58:39,107,1,30
1093,CAR,WNM633,2021-11-30 22:41:45,93,11,30
1094,CAR,WNN666,2022-01-31 22:51:42,68,1,31
1095,CAR,WNO474,2022-01-31 22:51:49,94,1,31
1096,CAR,WNO476,2022-01-30 23:44:15,81,1,30
1097,CAR,WNO522,2022-03-31 22:30:41,99,3,31
1098,CAR,WNO523,2022-03-31 22:15:53,85,3,31
1099,CAR,WNP872,2021-12-31 23:55:41,97,12,31
1100,CAR,WNP877,2021-08-31 22:23:04,83,8,31
1101,CAR,WNP880,2022-02-28 23:24:30,90,2,28
1102,CAR,WNP883,2022-03-31 23:59:22,83,3,31
1103,CAR,WNP885,2022-04-30 15:34:41,85,4,30
1104,CAR,WNP889,2021-12-31 22:22:55,85,12,31
1105,CAR,WNP895,2022-03-31 23:59:06,86,3,31
1106,CAR,WNP896,2021-10-30 23:59:48,92,10,30
1107,CAR,WNP898,2022-02-28 22:23:47,85,2,28
1108,CAR,WNP901,2022-04-30 22:43:39,93,4,30
1109,CAR,WNP902,2021-12-31 23:57:31,81,12,31
1110,CAR,WNP907,2021-09-30 23:25:09,87,9,30
1111,CAR,WNP910,2021-12-05 19:19:16,50,12,5
1112,CAR,WNP912,2021-06-30 23:58:38,81,6,30
1113,CAR,WNP915,2021-10-30 23:59:35,82,10,30
1114,CAR,WNR104,2021-08-31 23:46:44,90,8,31
1115,CAR,WNR131,2021-04-30 22:47:39,0,4,30
1116,CAR,WNR138,2021-12-31 22:15:14,90,12,31
1117,CAR,WNR140,2021-08-31 22:04:09,76,8,31
1118,CAR,WNR204,2021-12-31 23:54:37,109,12,31
1119,CAR,WNR205,2022-02-28 23:59:09,111,2,28
1120,CAR,WNU523,2022-01-30 22:12:44,98,1,30
1121,CAR,WNV878,2022-03-31 22:01:20,62,3,31
1122,CAR,WNX599,2021-06-30 22:58:47,98,6,30
1123,CAR,WNX809,2022-04-30 23:54:10,158,4,30
1124,CAR,WNX901,2021-09-30 22:27:52,83,9,30
1125,CAR,WNY613,2021-12-31 22:45:11,80,12,31
1126,CAR,WNY996,2021-05-31 22:34:55,91,5,31
1127,CAR,WOL914,2021-07-31 23:52:11,85,7,31
1128,CAR,WOM317,2022-01-30 23:44:27,93,1,30
1129,CAR,WOM367,2021-12-05 22:33:19,90,12,5
1130,CAR,WOM538,2021-08-31 23:35:06,94,8,31
1131,CAR,WOP095,2021-10-30 22:53:20,76,10,30
1132,CAR,WOS301,2021-08-31 22:42:47,101,8,31
1133,CAR,WOS469,2021-11-30 23:31:58,90,11,30
1134,CAR,WOS636,2022-02-28 23:30:25,78,2,28
1135,CAR,WOS637,2021-12-31 22:50:54,72,12,31
1136,CAR,WOT782,2022-02-28 22:01:25,87,2,28
1137,CAR,WOU249,2021-09-30 22:22:27,68,9,30
1138,CAR,WOU250,2022-04-30 22:30:48,69,4,30
1139,CAR,WOU254,2021-05-31 22:48:15,62,5,31
1140,CAR,WOU255,2022-04-30 13:32:45,106,4,30
1141,CAR,WOU261,2022-01-31 23:24:14,114,1,31
1142,CAR,WOU712,2022-04-30 23:44:40,95,4,30
1143,CAR,WOU732,2021-09-30 22:08:52,84,9,30
1144,CAR,WOU733,2022-01-30 22:26:17,86,1,30
1145,CAR,WOV005,2022-03-31 22:55:46,91,3,31
1146,CAR,WOV153,2022-04-30 22:49:57,89,4,30
1147,CAR,WOW421,2022-03-31 23:58:35,102,3,31
1148,CAR,WOW804,2021-05-31 23:58:20,86,5,31
1149,CAR,WOW806,2021-12-31 22:17:16,98,12,31
1150,CAR,WOW807,2021-10-30 22:22:30,178,10,30
1151,CAR,WOX290,2021-07-31 22:02:29,92,7,31
1152,CAR,WOX949,2021-12-05 21:30:55,65,12,5
1153,CAR,WOY452,2021-08-31 22:55:07,101,8,31
1154,CAR,WOY470,2022-01-29 13:43:33,90,1,29
1155,CAR,WOY699,2022-03-31 22:22:41,94,3,31
1156,CAR,WOY881,2021-04-30 22:25:25,85,4,30
1157,CAR,WOY971,2021-10-31 22:24:49,97,10,31
1158,CAR,WOZ086,2021-12-31 22:55:40,98,12,31
1159,CAR,WOZ122,2021-12-29 16:05:39,113,12,29
1160,CAR,WPK066,2022-03-31 22:02:49,79,3,31
1161,CAR,WPK249,2021-09-30 22:52:26,88,9,30
1162,CAR,WPM598,2022-04-30 22:16:32,85,4,30
1163,CAR,WPN961,2021-10-30 23:57:24,96,10,30
1164,CAR,WPO476,2022-02-28 22:40:06,92,2,28
1165,CAR,WPP001,2022-01-30 22:57:22,75,1,30
1166,CAR,WPP123,2021-05-31 23:47:52,95,5,31
1167,CAR,WPQ970,2022-03-31 20:29:45,93,3,31
1168,CAR,WPW143,2021-06-30 22:32:02,75,6,30
1169,CAR,WPW376,2021-12-05 22:59:04,68,12,5
1170,CAR,WTP498,2021-10-30 13:05:25,99,10,30
1171,CAR,WXG683,2021-12-31 22:03:02,96,12,31
1172,CAR,WYJ892,2021-04-30 22:54:20,99,4,30
1173,CAR,XAB926,2022-04-30 22:46:42,86,4,30
1174,CAR,XIE458,2022-01-30 22:59:23,78,1,30
1175,CAR,XIE498,2022-02-28 23:58:14,98,2,28
1176,CAR,XIS200,2022-03-31 22:38:18,15,3,31
1177,CAR,XLE061,2022-03-31 23:20:11,94,3,31
1178,CAR,XLJ767,2021-08-31 23:37:57,83,8,31
1179,CAR,XLK500,2021-10-27 22:25:04,86,10,27
1180,CAR,XLM640,2021-12-05 08:11:15,49,12,5
1181,CAR,XLM895,2022-04-30 17:31:14,94,4,30
1182,CAR,XLM916,2021-04-30 11:59:17,149,4,30
1183,CAR,XMA120,2021-12-31 23:40:53,78,12,31
1184,CAR,XMA348,2022-03-31 23:35:55,97,3,31
1185,CAR,XMB367,2021-09-30 23:52:35,84,9,30
1186,CAR,XMB399,2022-01-30 23:03:22,74,1,30
1187,CAR,XMC240,2021-05-31 23:59:21,87,5,31
1188,CAR,XMC449,2022-02-28 23:56:59,108,2,28
1189,CAR,XUJ725,2021-10-30 23:35:30,93,10,30
1190,CAR,XVA958,2021-06-30 23:55:05,94,6,30
1191,CAR,XVH326,2021-12-31 22:59:14,83,12,31
1192,CAR,XVI555,2022-03-31 23:38:21,87,3,31
1193,CAR,XVI829,2021-08-31 23:52:39,104,8,31
1194,CAR,XVK162,2022-02-28 22:01:54,81,2,28
1195,CAR,XVL706,2021-07-31 23:43:50,73,7,31
1196,CAR,XVM312,2022-04-30 17:57:13,89,4,30
1197,CAR,XVM313,2021-12-05 22:59:31,0,12,5
1198,CAR,XVM842,2021-04-30 23:36:36,95,4,30
1199,CAR,XVN365,2022-02-28 23:36:39,90,2,28
1200,CAR,XVO205,2021-12-29 16:55:57,100,12,29
1201,CAR,XVP522,2021-10-30 23:38:01,85,10,30
1202,CAR,XVP523,2022-03-31 23:58:05,96,3,31
1203,CAR,XVP581,2022-01-30 23:31:26,93,1,30
1204,CAR,XVP767,2021-12-31 23:44:28,88,12,31
1205,CAR,XVP966,2022-02-28 23:43:43,84,2,28
1206,CAR,XVP973,2021-06-30 23:38:17,103,6,30
1207,CAR,XVU471,2021-08-31 23:30:30,264,8,31
1208,CAR,XVU884,2021-07-31 00:41:38,104,7,31
1209,CAR,XVV226,2021-12-31 23:32:10,98,12,31
1210,CAR,XVV256,2022-03-31 23:59:47,273,3,31
1211,CAR,XVV268,2022-04-30 23:33:31,75,4,30
1212,CAR,XVV333,2021-04-30 23:40:09,83,4,30
1213,CAR,XVV388,2021-10-30 23:53:46,74,10,30
1214,CAR,XVV712,2021-12-05 23:18:53,64,12,5
1215,CAR,XVV979,2021-12-31 23:32:29,85,12,31
1216,CAR,XVW071,2021-05-31 23:37:07,77,5,31
1217,CAR,XVX456,2021-06-30 23:51:17,73,6,30
1218,CAR,XVX516,2022-02-28 23:32:58,66,2,28
1219,CAR,XVX681,2022-01-30 23:30:15,79,1,30
1220,CAR,XVX770,2021-12-31 23:53:41,89,12,31
1221,CAR,XVZ193,2021-08-31 22:25:26,99,8,31
1222,CAR,XXB210,2021-07-31 22:00:06,156,7,31
1223,CAR,YAQ549,2021-08-31 22:46:56,1115,8,31
1224,CAR,YAQ854,2022-03-31 22:11:43,78,3,31
1225,CAR,YAR087,2021-07-31 22:46:58,70,7,31
1226,CAR,YHK267,2021-12-31 22:08:01,96,12,31
1227,CAR,YHL171,2022-04-30 22:27:31,78,4,30
1228,CAR,YHL323,2021-04-30 21:12:44,66,4,30
1229,CAR,ZAP663,2021-08-31 16:06:16,89,8,31
1230,CAR,ZID262,2022-02-28 23:58:12,87,2,28
1231,CAR,ZKI118,2021-06-26 06:44:11,65,6,26
1232,CAR,ZZK987,2022-04-30 23:13:59,119,4,30
1233,CAR,bke812,2021-07-31 23:09:42,84,7,31
1234,CAR,eqy638,2021-04-30 23:15:01,80,4,30
1235,CAR,esm684,2021-08-31 23:29:37,84,8,31
1236,CAR,esn067,2022-03-31 23:38:38,80,3,31
1237,CAR,fst644,2021-12-05 23:11:26,2,12,5
1238,CAR,ges435,2021-05-20 17:30:36,0,5,20
1239,CAR,iuy162,2022-01-30 23:54:04,100,1,30
1240,CAR,jkv528,2021-06-30 23:41:48,94,6,30
1241,CAR,jty284,2022-03-31 23:41:51,102,3,31
1242,CAR,knz789,2021-12-31 23:29:51,103,12,31
1243,CAR,ksq075,2022-04-30 23:03:19,96,4,30
1244,CAR,obc966,2021-10-30 16:55:59,78,10,30
1245,CAR,sbk089,2022-03-31 19:20:08,108,3,31
1246,CAR,skm314,2021-07-31 23:14:27,86,7,31
1247,CAR,skv823,2022-02-28 23:44:51,94,2,28
1248,CAR,slp086,2021-04-30 20:40:09,88,4,30
1249,CAR,smk204,2021-08-31 23:57:58,98,8,31
1250,CAR,smp857,2022-03-31 23:37:27,151,3,31
1251,CAR,spo642,2022-04-30 23:41:52,83,4,30
1252,CAR,sps613,2022-03-31 23:44:48,92,3,31
1253,CAR,srm373,2022-01-30 23:41:48,87,1,30
1254,CAR,sro551,2021-06-30 23:03:28,80,6,30
1255,CAR,sse904,2021-12-05 22:51:01,95,12,5
1256,CAR,ssw036,2021-12-31 23:44:52,88,12,31
1257,CAR,svo787,2022-03-31 23:59:25,82,3,31
1258,CAR,swl947,2021-07-31 22:23:37,94,7,31
1259,CAR,swn127,2022-02-28 23:36:49,84,2,28
1260,CAR,sxs741,2021-04-30 23:55:59,86,4,30
1261,CAR,sxv393,2021-08-31 23:54:41,103,8,31
1262,CAR,syk750,2022-03-31 23:26:44,76,3,31
1263,CAR,szp283,2021-05-31 23:29:57,84,5,31
1264,CAR,taw812,2021-06-30 23:12:49,100,6,30
1265,CAR,tdx890,2022-04-30 23:44:51,91,4,30
1266,CAR,tmw040,2022-01-30 23:44:51,89,1,30
1267,CAR,tsm087,2021-07-31 23:06:36,89,7,31
1268,CAR,tsx992,2022-02-28 23:00:46,96,2,28
1269,CAR,ttq870,2021-12-31 23:26:52,103,12,31
1270,CAR,ttq874,2022-03-31 23:58:21,92,3,31
1271,CAR,ttr645,2021-09-30 23:44:50,90,9,30
1272,CAR,ttr718,2021-12-05 21:44:41,0,12,5
1273,CAR,tul507,2021-08-31 23:41:50,104,8,31
1274,CAR,ufq623,2021-05-31 23:02:13,0,5,31
1275,CAR,ufw623,2022-03-31 17:37:04,92,3,31
1276,CAR,uvf717,2021-06-30 23:54:50,75,6,30
1277,CAR,vak321,2022-04-30 23:51:17,102,4,30
1278,CAR,wcs117,2021-04-30 23:26:51,72,4,30
1279,CAR,wcs524,2022-02-28 23:29:54,81,2,28
1280,CAR,wcw891,2021-12-05 23:29:27,0,12,5
1281,CAR,wcx630,2022-01-30 23:56:39,97,1,30
1282,CAR,wfi023,2021-09-30 23:42:30,76,9,30
1283,CAR,wfi510,2021-08-31 23:26:00,83,8,31
1284,CAR,wfl446,2021-05-31 23:01:51,89,5,31
1285,CAR,wfv161,2021-12-31 23:19:00,98,12,31
1286,CAR,wgq765,2022-03-31 23:19:04,80,3,31
1287,CAR,wln560,2021-06-30 23:57:29,90,6,30
1288,CAR,wxg267,2021-04-30 23:00:32,85,4,30
1289,CAR,wzh331,2021-07-31 17:47:56,87,7,31
1290,CAR,wzi236,2022-02-28 06:01:44,79,2,28
1291,MOTORCYCLE,ADZ04F,2021-09-30 17:55:22,83,9,30
1292,MOTORCYCLE,AGM04D,2022-01-31 23:25:41,90,1,31
1293,MOTORCYCLE,AZY09F,2021-06-30 07:00:02,93,6,30
1294,MOTORCYCLE,BAL77E,2021-04-30 18:55:47,9,4,30
1295,MOTORCYCLE,BXS87C,2021-09-30 22:55:40,71,9,30
1296,MOTORCYCLE,CCC08E,2022-03-02 08:03:49,76,3,2
1297,MOTORCYCLE,DOG11F,2021-06-30 21:37:22,91,6,30
1298,MOTORCYCLE,EOC05F,2022-04-12 14:36:19,80,4,12
1299,MOTORCYCLE,FAP51E,2021-04-30 17:48:15,76,4,30
1300,MOTORCYCLE,FCK26F,2021-10-31 23:04:14,90,10,31
1301,MOTORCYCLE,FLE57D,2021-05-26 09:48:18,59,5,26
1302,MOTORCYCLE,FUW03F,2022-03-31 16:30:10,42,3,31
1303,MOTORCYCLE,GBV37E,2022-04-30 23:54:33,211,4,30
1304,MOTORCYCLE,HAC96E,2022-03-27 07:42:39,48,3,27
1305,MOTORCYCLE,IMM87F,2022-03-31 22:51:29,100,3,31
1306,MOTORCYCLE,IWJ44F,2022-01-31 14:09:20,85,1,31
1307,MOTORCYCLE,JFJ41E,2021-08-31 11:15:18,74,8,31
1308,MOTORCYCLE,LFK71E,2022-02-28 18:09:08,76,2,28
1309,MOTORCYCLE,MCN78F,2021-05-31 10:44:29,75,5,31
1310,MOTORCYCLE,NQN17E,2021-11-30 22:56:51,72,11,30
1311,MOTORCYCLE,OEN08E,2022-02-28 22:45:11,97,2,28
1312,MOTORCYCLE,OGX89F,2021-08-31 22:59:13,225,8,31
1313,MOTORCYCLE,OQP22B,2021-06-30 22:49:28,93,6,30
1314,MOTORCYCLE,PPF86F,2022-04-28 08:06:42,69,4,28
1315,MOTORCYCLE,PPL85E,2022-04-30 22:23:11,97,4,30
1316,MOTORCYCLE,PTN28C,2021-08-31 12:23:03,66,8,31
1317,MOTORCYCLE,QHL20F,2021-05-31 23:56:23,203,5,31
1318,MOTORCYCLE,QLL80F,2021-08-31 16:56:18,74,8,31
1319,MOTORCYCLE,QOD04D,2021-12-31 23:49:18,87,12,31
1320,MOTORCYCLE,QUS54C,2022-01-30 00:03:49,55,1,30
1321,MOTORCYCLE,QYE11C,2021-08-31 23:49:05,87,8,31
1322,MOTORCYCLE,RBI72C,2022-04-30 11:06:42,76,4,30
1323,MOTORCYCLE,RMW28E,2021-07-31 14:02:01,101,7,31
1324,MOTORCYCLE,RSZ26F,2022-01-31 22:19:13,100,1,31
1325,MOTORCYCLE,RXX54D,2021-08-31 22:41:41,86,8,31
1326,MOTORCYCLE,SCG51F,2022-01-31 16:45:16,14,1,31
1327,MOTORCYCLE,SQZ61F,2021-10-29 07:18:58,68,10,29
1328,MOTORCYCLE,SSD15E,2021-11-30 23:52:04,96,11,30
1329,MOTORCYCLE,STX19D,2021-09-30 17:47:26,66,9,30
1330,MOTORCYCLE,UAA11D,2022-02-06 17:15:57,78,2,6
1331,MOTORCYCLE,URR97E,2022-03-31 22:48:19,119,3,31
1332,MOTORCYCLE,UUX14E,2021-10-30 07:38:36,71,10,30
1333,MOTORCYCLE,UWR68E,2021-08-31 21:13:11,79,8,31
1334,MOTORCYCLE,WMX65D,2021-06-29 07:12:09,60,6,29
1335,MOTORCYCLE,XWB61E,2022-04-30 21:14:13,75,4,30
1336,MOTORCYCLE,ZGM03E,2021-12-29 19:29:31,67,12,29
1337,MOTORCYCLE,ZIV30F,2022-03-31 23:48:32,99,3,31
1338,MOTORCYCLE,ZKT77E,2021-09-29 18:03:39,63,9,29
1339,MOTORCYCLE,tod41d,2021-10-30 12:05:00,60,10,30
